{"cameraMode":{"drawMode":0,"name":"Shaded","section":"Shading Mode"},"sceneLighting":true,"audioPlay":false,"sceneViewState":{"showFog":true,"showMaterialUpdate":false,"showSkybox":false,"showFlares":true,"showImageEffects":true,"showParticleSystems":true},"in2DMode":false,"pivot":{"x":4.682397365570068,"y":15.301756858825684,"z":-5.7801103591918949},"rotation":{"x":-0.06639362871646881,"y":0.03766825050115585,"z":0.0025110431015491487,"w":0.9970791339874268},"size":8.99042797088623,"orthographic":false}