{"cameraMode":{"drawMode":0,"name":"Shaded","section":"Shading Mode"},"sceneLighting":true,"audioPlay":false,"sceneViewState":{"showFog":true,"showMaterialUpdate":true,"showSkybox":true,"showFlares":true,"showImageEffects":true,"showParticleSystems":true},"in2DMode":false,"pivot":{"x":2.384185791015625e-7,"y":3.180000066757202,"z":-0.5300004482269287},"rotation":{"x":-0.0005950104678049684,"y":0.999082624912262,"z":-0.014796780422329903,"w":-0.040183570235967639},"size":22.0,"orthographic":false}