{"cameraMode":{"drawMode":0,"name":"Shaded","section":"Shading Mode"},"sceneLighting":false,"audioPlay":false,"sceneViewState":{"showFog":true,"showMaterialUpdate":false,"showSkybox":false,"showFlares":true,"showImageEffects":true,"showParticleSystems":true},"in2DMode":false,"pivot":{"x":7.317206382751465,"y":4.551150321960449,"z":-9.34393310546875},"rotation":{"x":0.014020993374288082,"y":-0.9802771210670471,"z":-0.18210867047309876,"w":-0.07547646015882492},"size":28.69715118408203,"orthographic":false}