{"cameraMode":{"drawMode":0,"name":"Shaded","section":"Shading Mode"},"sceneLighting":true,"audioPlay":false,"sceneViewState":{"showFog":true,"showMaterialUpdate":false,"showSkybox":true,"showFlares":true,"showImageEffects":true,"showParticleSystems":true},"in2DMode":false,"pivot":{"x":86.42391967773438,"y":109.69721221923828,"z":106.52943420410156},"rotation":{"x":-0.18089425563812257,"y":0.12121745944023133,"z":-0.022472603246569635,"w":-0.9757451415061951},"size":5.1858367919921879,"orthographic":false}